{"count":1,"self":30.676569599999997,"total":30.807996499999998,"children":{"InitializeActuators":{"count":2,"self":0.0013116999999999998,"total":0.0013116999999999998,"children":null},"InitializeSensors":{"count":2,"self":0.0015011999999999998,"total":0.0015011999999999998,"children":null},"AgentSendState":{"count":1268,"self":0.016516199999999998,"total":0.0285266,"children":{"CollectObservations":{"count":61,"self":0.0020016,"total":0.0020016,"children":null},"WriteActionMask":{"count":61,"self":0.0005004,"total":0.0005004,"children":null},"RequestDecision":{"count":61,"self":0.0095084,"total":0.0095084,"children":null}}},"DecideAction":{"count":1268,"self":0.095082699999999992,"total":0.095583,"children":{"RayPerceptionSensor.Perceive":{"count":61,"self":0.0005003,"total":0.0005003,"children":null}}},"AgentAct":{"count":1268,"self":0.0035028999999999998,"total":0.0035028999999999998,"children":null}},"gauges":{},"metadata":{"timer_format_version":"0.1.0","start_time_seconds":"1684532117","unity_version":"2022.1.16f1","command_line_arguments":"C:\\Program Files\\Unity\\Hub\\Editor\\2022.1.16f1\\Editor\\Unity.exe -projectpath D:\\Repos\\FMPyear2 -useHub -hubIPC -cloudEnvironment production -licensingIpc LicenseClient-lidl -hubSessionId b5300de0-f62d-11ed-b63a-4bd83ab3ca42 -accessToken D990paSeWScLNjROL6Z-pW1O8qEP7x4x3AMs1cDsX_g005f","communication_protocol_version":"1.5.0","com.unity.ml-agents_version":"2.0.1","scene_name":"Level1","end_time_seconds":"1684532148"}}