{"count":1,"self":211.64101119999998,"total":218.23069189999998,"children":{"InitializeActuators":{"count":11,"self":0.0015004999999999999,"total":0.0015004999999999999,"children":null},"InitializeSensors":{"count":11,"self":0.0015015,"total":0.0015015,"children":null},"AgentSendState":{"count":10621,"self":3.7729724,"total":3.9490961999999996,"children":{"CollectObservations":{"count":8351,"self":0.1430962,"total":0.1430962,"children":null},"WriteActionMask":{"count":8351,"self":0.008007199999999999,"total":0.008007199999999999,"children":null},"RequestDecision":{"count":8351,"self":0.025020399999999998,"total":0.025020399999999998,"children":null}}},"DecideAction":{"count":10621,"self":2.351628,"total":2.3776094,"children":{"RayPerceptionSensor.Perceive":{"count":8351,"self":0.025981399999999998,"total":0.025981399999999998,"children":null}}},"AgentAct":{"count":10621,"self":0.2594718,"total":0.2594718,"children":null}},"gauges":{"Crawler.CumulativeReward":{"count":4,"max":3.43336368,"min":-283.086731,"runningAverage":-74.55964,"value":-283.086731,"weightedAverage":-76.97541}},"metadata":{"timer_format_version":"0.1.0","start_time_seconds":"1683926890","unity_version":"2022.1.16f1","command_line_arguments":"C:\\Program Files\\Unity\\Hub\\Editor\\2022.1.16f1\\Editor\\Unity.exe -projectpath D:\\Repos\\FMPyear2 -useHub -hubIPC -cloudEnvironment production -licensingIpc LicenseClient-lidl -hubSessionId f8fb1b50-f105-11ed-853a-6578382c2d1c -accessToken 67iJshMsiZwBD0lkuHae1eLME-QPHewqO8qDp_yADzQ005f","communication_protocol_version":"1.5.0","com.unity.ml-agents_version":"2.0.1","scene_name":"PlayerMovementTest 1","end_time_seconds":"1683927108"}}