{"count":1,"self":180.3932032,"total":181.83502629999998,"children":{"InitializeActuators":{"count":9,"self":0.0010008,"total":0.0010008,"children":null},"InitializeSensors":{"count":9,"self":0.0015011999999999998,"total":0.0015011999999999998,"children":null},"AgentSendState":{"count":8589,"self":0.3101406,"total":0.35467889999999996,"children":{"CollectObservations":{"count":1361,"self":0.029525199999999998,"total":0.029525199999999998,"children":null},"WriteActionMask":{"count":1361,"self":0.0015007,"total":0.0015007,"children":null},"RequestDecision":{"count":1361,"self":0.013512399999999999,"total":0.013512399999999999,"children":null}}},"DecideAction":{"count":8589,"self":1.0097966999999999,"total":1.0174476,"children":{"RayPerceptionSensor.Perceive":{"count":1361,"self":0.0076508999999999995,"total":0.0076508999999999995,"children":null}}},"AgentAct":{"count":8589,"self":0.0666915,"total":0.0666915,"children":null}},"gauges":{},"metadata":{"timer_format_version":"0.1.0","start_time_seconds":"1683571729","unity_version":"2022.1.16f1","command_line_arguments":"C:\\Program Files\\Unity\\Hub\\Editor\\2022.1.16f1\\Editor\\Unity.exe -projectpath D:\\Repos\\FMPyear2 -useHub -hubIPC -cloudEnvironment production -licensingIpc LicenseClient-lidl -hubSessionId 5d090860-ed90-11ed-be30-536a26dfce9b -accessToken mZj3f9-yqlxP3l8TMRBUB_s3iDAM6gJin24_EOa41jg005f","communication_protocol_version":"1.5.0","com.unity.ml-agents_version":"2.0.1","scene_name":"PlayerMovementTest","end_time_seconds":"1683571911"}}