{"count":1,"self":52.9343104,"total":53.363853199999994,"children":{"InitializeActuators":{"count":4,"self":0.0009987,"total":0.0009987,"children":null},"InitializeSensors":{"count":4,"self":0.0029901,"total":0.0029901,"children":null},"AgentSendState":{"count":2344,"self":0.0628133,"total":0.0877516,"children":{"CollectObservations":{"count":508,"self":0.011970999999999999,"total":0.011970999999999999,"children":null},"WriteActionMask":{"count":508,"self":0.00099739999999999985,"total":0.00099739999999999985,"children":null},"RequestDecision":{"count":508,"self":0.011969899999999999,"total":0.011969899999999999,"children":null}}},"DecideAction":{"count":2344,"self":0.31490419999999997,"total":0.3159015,"children":{"RayPerceptionSensor.Perceive":{"count":508,"self":0.0009973,"total":0.0009973,"children":null}}},"AgentAct":{"count":2344,"self":0.021901999999999998,"total":0.021901999999999998,"children":null}},"gauges":{},"metadata":{"timer_format_version":"0.1.0","start_time_seconds":"1684417505","unity_version":"2022.1.16f1","command_line_arguments":"C:\\Program Files\\Unity\\Hub\\Editor\\2022.1.16f1\\Editor\\Unity.exe -projectpath D:\\Kyle\\GIThub\\FMPyear2 -useHub -hubIPC -cloudEnvironment production -licensingIpc LicenseClient-521019 -hubSessionId 6e36b780-f54d-11ed-b910-33ae95f245ed","communication_protocol_version":"1.5.0","com.unity.ml-agents_version":"2.0.1","scene_name":"PlayerMovementTest 1","end_time_seconds":"1684417559"}}